position,keyword,url
12,short lady rock branco,www.purchasestore.com.br/short/short-lady-rock-preto--p
45,vestido justo,www.purchasestore.com.br/vestido/vestido-justo-preto-curto--p
5,kit ranco,www.purchasestore.com.br/blusa-camisa/blusa-ranco--p
6,kit ranco,www.purchasestore.com.br/blusa-camisa/kit-afrontosa--p
34,blusinha embuste,www.purchasestore.com.br/blusa-camisa/kit-afrontosa--p
18,camiseta me poupe se poupe nos poupe,www.purchasestore.com.br/blusa-camisa/camiseta-me-poupe--p
28,KIT 3 VESTIDO BASICO DE ALCINHA,www.purchasestore.com.br/vestido/vestidos-alcinhas--p
29,KIT 3 VESTIDO BASICO DE ALCINHA,www.purchasestore.com.br/vestido/vestido-tubinho-bordo--p
3,PARKA RASGADA JEANS,www.purchasestore.com.br/casaco-colete/parka-rasgada-jeans--p
39,CALCA COURO FAKE PRETA,www.purchasestore.com.br/calca/calca-couro-fake-preta--p
21,PARKA CAMUFLADA FEMININA,www.purchasestore.com.br/casaco.../parka-camuflada-feminina--p
57,CALCA CAMUFLADA FEMININA,www.purchasestore.com.br/calca/calca-camuflada-feminina--p
33,BODY FEMININO RENDA,www.purchasestore.com.br/body/body-feminino-renda--p
52,TOP FEMININO COM BOJO,www.purchasestore.com.br/cropped/top-feminino-com-bojo--p
49,CAMISETA ANTI EMBUSTE,www.purchasestore.com.br/blusa-camisa/blusa-ranco--p
42,lady rock,www.purchasestore.com.br/.../short-lady-rock-blue-rasgadinho--p
15,short lady rock,www.purchasestore.com.br/short/short-lady-rock-blue-rasgadinho--p
55,parka feminina,www.purchasestore.com.br/vestidos/.../parka-feminina-com-capuz--p
24,PARKA FEMININA COM CAPUZ,www.purchasestore.com.br/vestidos/.../parka-feminina-com-capuz--p
58,CAMISETA ME POUPE,www.purchasestore.com.br/blusa-camisa/kit-afrontosa--p
46,SAIA VINIL PRETA,www.purchasestore.com.br/saia/saia-vinil-preta--p
33,BODY FEMININO RENDA,www.purchasestore.com.br/body/body-feminino-renda--p
25,BLUSA RANCO,www.purchasestore.com.br/blusa-camisa/kit-afrontosa--p
17,VESTIDO MANGA COMPRIDA JUSTO,www.purchasestore.com.br/vestido/vestido-manga-comprida-justo--p
12,BLUSA PLENA,www.purchasestore.com.br/blusa-camisa/camiseta-plena--p
38,VESTIDO CINZA JUSTO,www.purchasestore.com.br/vestido/vestido-manga-comprida-justo--p
61,VESTIDO JUSTO PRETO CURTO,www.purchasestore.com.br/vestido/vestido-tubinho-bordo--p
17,VESTIDO TUBINHO BORDO,www.purchasestore.com.br/vestido/vestido-tubinho-bordo--p
